,image_name,R_Nose_Con_Up,L_Nose_Con_Out,Nosebridge_Bump_Fr_Bk,L_Nose_Con_Up,M_Nose_Sd,Nose_Bridge_Side_Scale,Nose_Tip_Up_Dn,Nose_Bridge_Fr_Bk,M_Nose_Fr,Nosebridge_Bump_In_Out,Nosebridge_Bump_Up_Dn,L_Nose_Con_Fr,Nose_Tip_Fr_Bk,Nostril_Curvature,R_Nose_Con_Bk,Nose_Tip_Lt_Rt,M_Nose_Up,Nose_Bridge_Up_Dn,R_Nose_Con_Out
0,b1.jpg,-49.619316264674346,82.53224426264345,0,-49.619316264674346,0,-113.99610268403859,-121,-67.90402802391257,21.040000000000003,-14.161280153766828,-26,0,0,-40.141638843655045,0,-10,44.519214040934074,-57.61989533457244,82.53224426264345
1,download.jpg,10.324815519150185,50.08634992302693,0,10.324815519150185,0,-74.69061539478702,-121,-11.344419766485885,21.040000000000003,10.93935982078916,-26,0,0,-48.75837387003194,0,-10,16.6695643475572,-8.742101628789602,50.08634992302693
2,Kush.jpg,-28.518022839357766,-1.3555636048780113,0,-28.518022839357766,0,-116.17451096846918,-121,-21.97763470754751,21.040000000000003,-1.7140288727710158,-26,0,0,-54.245374294481046,0,-10,18.05002294106389,-99.41902126112791,-1.3555636048780113
3,Pankaj.jpg,-50.27011839544846,28.99966409104724,0,-50.27011839544846,0,-76.04612757904569,-121,-49.895934227880005,21.040000000000003,13.404316686680072,-26,0,0,-62.570071444398344,0,-10,27.02092238168357,19.334203824843474,28.99966409104724
